Planet Name,Discovery Method,Discovery Year,Controversial Flag,Orbital Period [days],Planet Radius [Earth Radius],Planet Mass [Earth Mass],Orbit Semi-Major Axis [au],Eccentricity,Equilibrium Temperature [K],Insolation Flux [Earth Flux]
55 Cnc b,Radial Velocity,1996,0,14.65160000,13.900,263.97850,0.113400,0.000000,700,
55 Cnc c,Radial Velocity,2004,0,44.39890000,8.510,54.47380,0.237300,0.030000,,
55 Cnc d,Radial Velocity,2002,0,5574.20000000,13.000,1232.49300,5.957000,0.130000,,
55 Cnc e,Radial Velocity,2004,0,0.73654740,1.875,7.99000,0.015440,0.050000,1958,2657.83
55 Cnc f,Radial Velocity,2007,0,259.88000000,7.590,44.81200,0.770800,0.080000,,
DMPP-1 b,Radial Velocity,2019,0,18.57000000,5.290,24.27000,0.146200,0.083000,877,
DMPP-1 c,Radial Velocity,2019,0,6.58400000,3.060,9.60000,0.073300,0.057000,1239,
DMPP-1 d,Radial Velocity,2019,0,2.88200000,1.650,3.35000,0.042200,0.070000,1632,
DMPP-1 e,Radial Velocity,2019,0,5.51600000,1.860,4.13000,0.065100,0.070000,1314,
GJ 3293 b,Radial Velocity,2015,0,30.59870000,5.190,23.54000,0.143390,0.060000,,1.07
GJ 3293 c,Radial Velocity,2015,0,122.61960000,4.870,21.09000,0.361750,0.110000,,0.17
GJ 3293 d,Radial Velocity,2017,0,48.13450000,2.670,7.60000,0.193940,0.120000,,0.59
GJ 3293 e,Radial Velocity,2017,0,13.25430000,1.630,3.28000,0.082080,0.210000,,3.34
GJ 667 C b,Radial Velocity,2011,0,7.20040000,2.230,5.60000,0.050500,0.130000,,
GJ 667 C c,Radial Velocity,2011,0,28.14000000,1.770,3.80000,0.125000,0.020000,,
GJ 667 C e,Radial Velocity,2013,1,62.24000000,1.450,2.70000,0.213000,0.020000,,
GJ 667 C f,Radial Velocity,2013,1,39.02600000,1.450,2.70000,0.156000,0.030000,,
GJ 667 C g,Radial Velocity,2013,1,256.20000000,1.990,4.60000,0.549000,0.080000,,
GJ 676 A b,Radial Velocity,2010,0,1051.44520601,12.800,1837.01057,1.734535,0.318615,,
GJ 676 A c,Radial Velocity,2016,0,13921.42302046,12.300,4271.00959,9.678080,0.295316,,
GJ 676 A d,Radial Velocity,2012,0,3.60075682,1.770,3.79832,0.039322,0.192193,,
GJ 676 A e,Radial Velocity,2012,0,35.47357709,2.480,6.69167,0.180707,0.152395,,
GJ 876 b,Radial Velocity,1998,0,61.11660000,13.300,723.22350,0.208317,0.032400,,
GJ 876 c,Radial Velocity,2000,0,30.08810000,14.000,226.98460,0.129590,0.255910,,
GJ 876 d,Radial Velocity,2005,0,1.93778000,2.510,6.83000,0.020807,0.207000,,
GJ 876 e,Radial Velocity,2010,0,124.26000000,3.920,14.60000,0.334300,0.055000,,
HD 10180 c,Radial Velocity,2010,0,5.75969000,3.680,13.10000,0.064120,0.073000,,
HD 10180 d,Radial Velocity,2010,0,16.35700000,3.450,11.75000,0.128590,0.131000,,
HD 10180 e,Radial Velocity,2010,0,49.74800000,5.390,25.10000,0.269900,0.051000,,
HD 10180 f,Radial Velocity,2010,0,122.74400000,5.240,23.90000,0.492900,0.119000,,
HD 10180 g,Radial Velocity,2010,0,604.67000000,4.910,21.40000,1.427000,0.263000,,
HD 10180 h,Radial Velocity,2010,0,2205.00000000,9.400,64.40000,3.381000,0.095000,,
HD 108236 b,Transit,2020,0,3.79596300,1.615,3.24000,0.045270,0.045000,1099,312.18
HD 108236 c,Transit,2020,0,6.20344900,2.071,4.94000,0.062000,0.034000,932,162.17
HD 108236 d,Transit,2020,0,14.17568500,2.539,6.98000,0.107400,0.055000,708,53.88
HD 108236 e,Transit,2020,0,19.59002500,3.083,9.71000,0.136700,0.058000,636,35.00
HD 108236 f,Transit,2021,0,29.54115000,2.017,4.72000,0.175800,0.051000,,
HD 141399 b,Radial Velocity,2014,0,94.44000000,14.300,143.34133,0.415000,0.040000,,
HD 141399 c,Radial Velocity,2014,0,201.99000000,13.600,422.71390,0.689000,0.048000,,
HD 141399 d,Radial Velocity,2014,0,1069.80000000,13.700,375.03940,2.090000,0.074000,,
HD 141399 e,Radial Velocity,2014,0,5000.00000000,14.100,209.76780,5.000000,0.260000,,
HD 158259 b,Radial Velocity,2020,0,2.17800000,1.292,2.22000,,,1478,794.22
HD 158259 c,Radial Velocity,2020,0,3.43200000,2.230,5.60000,,,,
HD 158259 d,Radial Velocity,2020,0,5.19808140,2.180,5.41000,,,,
HD 158259 e,Radial Velocity,2020,0,7.95100000,2.340,6.08000,,,,
HD 158259 f,Radial Velocity,2020,0,12.02800000,2.350,6.14000,,,,
HD 160691 b,Radial Velocity,2000,0,645.00000000,,1366.66215,1.500000,0.128000,,
HD 160691 c,Radial Velocity,2004,0,3947.00000000,,1398.44499,4.170000,0.098500,,
HD 160691 d,Radial Velocity,2004,0,9.63920000,3.170,10.17000,0.092860,0.000000,900,
HD 160691 e,Radial Velocity,2006,0,307.90000000,,2224.79885,0.934000,0.066600,,
HD 164922 b,Radial Velocity,2005,0,1207.00000000,13.300,116.00000,2.160000,0.080000,159,0.16
HD 164922 c,Radial Velocity,2016,0,75.74000000,3.660,13.00000,0.341000,0.120000,400,6.29
HD 164922 d,Radial Velocity,2020,0,12.45800000,1.830,4.00000,0.103000,0.120000,,
HD 164922 e,Radial Velocity,2021,0,41.76300000,3.230,10.52012,0.229200,0.086000,,
HD 191939 b,Transit,2020,0,8.88029000,3.390,10.40000,0.078000,0.000000,893,84.96
HD 191939 c,Transit,2020,0,28.58050000,3.080,7.20000,0.170000,0.000000,605,13.69
HD 191939 d,Transit,2020,0,38.35250000,3.040,5.80000,0.207000,0.000000,549,14.09
HD 191939 e,Radial Velocity,2022,0,101.50000000,12.700,108.00000,0.397000,0.000000,397,
HD 191939 f,Radial Velocity,2022,0,4450.00000000,12.700,2065.00000,4.800000,0.000000,,
HD 20781 b,Radial Velocity,2019,0,5.31350000,1.210,1.93000,0.052900,0.100000,,
HD 20781 c,Radial Velocity,2019,0,13.89050000,2.170,5.33000,0.100400,0.090000,,
HD 20781 d,Radial Velocity,2019,0,29.15800000,3.250,10.61000,0.164700,0.110000,,
HD 20781 e,Radial Velocity,2019,0,85.50730000,3.830,14.03000,0.337400,0.060000,,
HD 20794 b,Radial Velocity,2011,0,18.31500000,1.450,2.70000,0.120700,0.000000,660,
HD 20794 c,Radial Velocity,2011,0,40.11400000,1.350,2.40000,0.203600,0.000000,508,
HD 20794 d,Radial Velocity,2011,0,90.30900000,2.040,4.80000,0.349900,0.000000,388,
HD 20794 e,Radial Velocity,2017,0,147.02000000,2.030,4.77000,0.509000,0.290000,,
HD 215152 b,Radial Velocity,2018,0,5.75999000,1.190,1.81900,0.057638,0.000000,,
HD 215152 c,Radial Velocity,2018,0,7.28243000,1.170,1.72000,0.067393,0.000000,,
HD 215152 d,Radial Velocity,2018,0,10.86499000,1.480,2.80100,0.087990,0.000000,,
HD 215152 e,Radial Velocity,2018,0,25.19670000,1.510,2.87700,0.154170,0.000000,,
HD 219134 b,Radial Velocity,2015,0,3.09292600,1.602,4.74000,0.038760,0.000000,1015,176.20
HD 219134 c,Radial Velocity,2015,0,6.76458000,1.511,4.36000,0.065300,0.062000,782,62.10
HD 219134 d,Radial Velocity,2015,0,46.85900000,1.610,16.17000,0.237000,0.138000,410,4.72
HD 219134 f,Radial Velocity,2015,1,22.71700000,1.310,7.30000,0.146300,0.148000,523,12.38
HD 219134 g,Radial Velocity,2015,0,94.20000000,3.280,10.80622,0.375300,0.000000,,
HD 219134 h,Radial Velocity,2015,0,2247.00000000,12.700,108.06220,3.110000,0.060000,,
HD 23472 b,Transit,2019,0,17.66708700,2.000,8.32000,0.116200,0.072000,543,16.00
HD 23472 c,Transit,2019,0,29.79749000,1.870,3.41000,0.164600,0.063000,467,7.96
HD 23472 d,Transit,2022,0,3.97664000,0.750,0.55000,0.042980,0.070000,909,117.00
HD 23472 e,Transit,2022,0,7.90754000,0.818,0.72000,0.068000,0.070000,723,46.70
HD 23472 f,Transit,2022,0,12.16218390,1.137,0.77000,0.090600,0.070000,630,26.30
HD 34445 b,Radial Velocity,2009,0,1049.00000000,13.900,260.62060,2.070000,0.270000,,
HD 34445 c,Radial Velocity,2017,0,214.67000000,8.420,53.50000,0.718100,0.036000,,
HD 34445 d,Radial Velocity,2017,0,117.87000000,6.070,30.70000,0.481700,0.027000,,
HD 34445 e,Radial Velocity,2017,0,49.17500000,4.260,16.80000,0.268700,0.090000,,
HD 34445 f,Radial Velocity,2017,0,676.80000000,6.880,37.90000,1.543000,0.031000,,
HD 34445 g,Radial Velocity,2017,0,5700.00000000,13.600,120.60000,6.360000,0.032000,,
HD 40307 b,Radial Velocity,2009,0,4.31230000,1.830,4.00000,0.046800,0.200000,910,
HD 40307 c,Radial Velocity,2009,0,9.61840000,2.460,6.60000,0.079900,0.060000,696,
HD 40307 d,Radial Velocity,2009,0,20.43200000,3.040,9.50000,0.132100,0.070000,541,
HD 40307 f,Radial Velocity,2013,0,51.76000000,2.130,5.20000,0.247000,0.020000,398,
HD 40307 g,Radial Velocity,2013,1,197.80000000,2.560,7.10000,0.600000,0.290000,255,
HIP 41378 b,Transit,2016,0,15.57209800,2.507,6.83000,,,973,148.89
HIP 41378 c,Transit,2016,0,31.70648000,2.560,7.08000,,,697,55.62
HIP 41378 d,Transit,2016,0,1114.00000000,3.960,14.90000,,,,
HIP 41378 e,Transit,2016,0,131.00000000,5.510,26.00000,,,,
HIP 41378 f,Transit,2016,0,1084.00000000,10.200,74.00000,,,,
HR 8799 b,Imaging,2008,0,170000.00000000,13.000,2000.00000,68.000000,,1200,
HR 8799 c,Imaging,2008,0,69000.00000000,13.000,3000.00000,38.000000,0.500000,1200,
HR 8799 d,Imaging,2008,0,37000.00000000,13.000,3000.00000,24.000000,0.600000,1300,
HR 8799 e,Imaging,2010,0,20815.60000000,13.115,3178.30000,16.400000,0.150000,1150,
K2-133 b,Transit,2017,0,3.07133000,1.340,2.36000,0.031940,,,
K2-133 c,Transit,2017,0,4.86784000,1.603,3.20000,0.043410,,,
K2-133 d,Transit,2017,0,11.02454000,2.003,4.67000,0.074870,,,
K2-133 e,Transit,2019,0,26.58410000,1.730,3.64000,0.134600,,296,1.80
K2-138 b,Transit,2017,0,2.35309000,1.510,3.10000,0.033850,0.048000,1157,486.00
K2-138 c,Transit,2017,0,3.56004000,2.299,6.31000,0.044610,0.045000,1012,279.00
K2-138 d,Transit,2017,0,5.40479000,2.390,7.92000,0.058930,0.043000,888,160.00
K2-138 e,Transit,2017,0,8.26146000,3.390,12.97000,0.078200,0.077000,757,91.10
K2-138 f,Transit,2017,0,12.75758000,2.904,1.63000,0.104470,0.062000,653,51.00
K2-138 g,Transit,2021,0,41.96797000,3.013,4.32000,0.231090,0.059000,445,9.29
K2-187 b,Transit,2018,0,0.77401000,1.200,1.87000,0.016400,,1815,
K2-187 c,Transit,2018,0,2.87151200,1.400,2.54000,0.039200,,1173,
K2-187 d,Transit,2018,0,7.14958400,2.400,6.35000,0.072000,,865,
K2-187 e,Transit,2018,0,13.60662900,1.900,4.27000,0.110600,,698,
K2-266 b,Transit,2018,0,0.65852400,3.300,11.26782,0.013060,,1515,879.50
K2-266 c,Transit,2018,0,7.81400000,0.705,0.29013,0.067900,0.042000,664,32.40
K2-266 d,Transit,2018,0,14.69700000,2.930,8.90000,0.103500,0.047000,538,13.95
K2-266 e,Transit,2018,0,19.48200000,2.730,14.30000,0.124900,0.043000,490,9.58
K2-268 b,Transit,2018,0,2.15167600,1.500,2.86000,0.030800,,1136,
K2-268 c,Transit,2018,0,9.32752700,2.690,7.70000,0.081900,,696,
K2-268 d,Transit,2019,0,4.52859800,1.490,2.83000,,,888,
K2-268 e,Transit,2019,0,6.13124300,1.330,2.33000,,,801,
K2-268 f,Transit,2019,0,26.27057000,2.230,5.60000,,,492,
K2-285 b,Transit,2018,0,3.47174500,2.590,9.68000,0.038170,0.000000,1089,234.31
K2-285 c,Transit,2018,0,7.13804800,3.530,15.68000,0.082400,0.000000,741,50.35
K2-285 d,Transit,2018,0,10.45582000,2.480,6.50000,0.117800,0.000000,620,24.61
K2-285 e,Transit,2018,0,14.76289000,1.950,10.70000,0.180410,0.000000,501,10.50
K2-32 b,Transit,2016,0,8.99200000,5.299,15.00000,0.079500,0.030000,837,77.70
K2-32 c,Transit,2016,0,20.66093000,3.134,8.10000,0.138430,0.049000,634,25.60
K2-32 d,Transit,2016,0,31.71701000,3.484,6.70000,0.184220,0.050000,550,14.50
K2-32 e,Transit,2019,0,4.34934000,1.212,2.10000,0.048990,0.043000,1066,
K2-384 b,Transit,2022,0,2.23152700,1.076,1.26000,,,,
K2-384 c,Transit,2022,0,4.19476600,1.191,1.82000,,,,
K2-384 d,Transit,2022,0,6.67958200,1.392,2.52000,,,,
K2-384 e,Transit,2022,0,9.71504300,1.345,2.37000,,,,
K2-384 f,Transit,2022,0,13.62749000,2.222,5.57000,,,,
K2-72 b,Transit,2016,0,5.57721200,1.080,1.28000,0.040000,0.110000,,8.50
K2-72 c,Transit,2016,0,15.18903400,1.160,1.65000,0.078000,0.110000,,2.20
K2-72 d,Transit,2016,0,7.76017800,1.010,1.01000,0.050000,0.110000,,5.40
K2-72 e,Transit,2016,0,24.15886800,1.290,2.21000,0.106000,0.110000,,1.20
KOI-1831 d,Transit,2021,0,34.16900000,1.130,2.23000,0.194900,0.000000,475,11.67
KOI-94 b,Transit,2013,0,3.74320800,1.710,10.50000,0.051190,0.250000,1486,1053.18
KOI-94 c,Transit,2013,0,10.42364800,4.320,15.60000,0.101300,0.430000,1012,268.22
KOI-94 d,Transit,2013,0,22.34298900,11.270,106.00000,0.168400,0.022000,806,97.12
KOI-94 e,Transit,2013,0,54.32031000,6.560,35.00000,0.304600,0.019000,584,29.70
Kepler-102 b,Transit,2014,0,5.28696000,0.470,4.30000,0.055200,0.000000,792,90.33
Kepler-102 c,Transit,2014,0,7.07142000,0.580,3.00000,0.067000,0.000000,719,61.32
Kepler-102 d,Transit,2014,0,10.31170000,1.180,3.80000,0.086200,0.000000,634,37.04
Kepler-102 e,Transit,2013,0,16.14570000,2.220,8.93000,0.116200,0.000000,546,20.39
Kepler-102 f,Transit,2014,0,27.45360000,0.880,5.20000,0.165500,0.000000,457,10.05
Kepler-106 b,Transit,2014,0,6.16486000,0.820,5.30000,0.064800,0.000000,1021,277.22
Kepler-106 c,Transit,2014,0,13.57080000,2.500,10.44000,0.109600,0.000000,785,96.91
Kepler-106 d,Transit,2014,0,23.98020000,0.950,8.10000,0.160200,0.000000,649,45.36
Kepler-106 e,Transit,2014,0,43.84450000,2.560,11.17000,0.239500,0.000000,531,20.29
Kepler-107 b,Transit,2014,0,3.18002180,1.536,3.51000,0.045440,0.000000,1593,1175.38
Kepler-107 c,Transit,2014,0,4.90145200,1.597,9.39000,0.060640,0.000000,1379,659.65
Kepler-107 d,Transit,2014,0,7.95839000,0.860,3.80000,0.083770,0.000000,1173,346.11
Kepler-107 e,Transit,2014,0,14.74914300,2.903,8.60000,0.126390,0.000000,955,151.94
Kepler-11 b,Transit,2010,0,10.30390000,1.800,1.90000,0.091000,0.045000,849,146.36
Kepler-11 c,Transit,2010,0,13.02410000,2.870,2.90000,0.107000,0.026000,786,107.22
Kepler-11 d,Transit,2010,0,22.68450000,3.120,7.30000,0.155000,0.004000,653,51.12
Kepler-11 e,Transit,2010,0,31.99960000,4.190,8.00000,0.195000,0.012000,582,32.34
Kepler-11 f,Transit,2010,0,46.68880000,2.490,2.00000,0.250000,0.013000,513,19.53
Kepler-11 g,Transit,2010,0,118.38070000,3.330,25.00000,0.466000,0.150000,376,5.65
Kepler-122 b,Transit,2014,0,5.76619300,2.340,6.08000,0.064000,0.000000,1159,448.10
Kepler-122 c,Transit,2014,0,12.46598800,5.870,29.00000,0.108000,0.000000,897,160.50
Kepler-122 d,Transit,2014,0,21.58747500,2.200,5.48000,0.155000,0.000000,747,77.14
Kepler-122 e,Transit,2014,0,37.99327300,2.600,27.70000,0.227000,0.000000,618,36.30
Kepler-122 f,Transit Timing Variations,2014,0,56.26800000,1.750,36.00000,0.287000,0.000000,543,21.52
Kepler-132 b,Transit,2014,0,6.17819600,1.210,1.92000,0.067000,0.000000,1082,292.35
Kepler-132 c,Transit,2014,0,6.41491400,1.280,2.18000,0.068000,0.000000,1069,278.29
Kepler-132 d,Transit,2014,0,18.01019900,1.550,3.02000,0.136000,0.000000,758,70.21
Kepler-132 e,Transit,2016,0,110.28693740,1.180,1.76000,0.439300,0.000000,414,6.27
Kepler-1388 b,Transit,2016,0,12.28546030,2.590,7.22000,0.088200,0.000000,434,17.67
Kepler-1388 c,Transit,2016,0,5.53608151,2.260,5.73000,0.051900,0.000000,566,51.04
Kepler-1388 d,Transit,2016,0,20.95681580,2.860,8.55000,0.126000,0.000000,363,8.66
Kepler-1388 e,Transit,2016,0,37.63270840,2.460,6.62000,0.186100,0.000000,299,3.97
Kepler-150 b,Transit,2014,0,3.42805400,1.250,2.10000,0.044000,0.000000,1131,367.26
Kepler-150 c,Transit,2014,0,7.38199800,3.690,13.20000,0.073000,0.000000,876,132.09
Kepler-150 d,Transit,2014,0,12.56093000,2.790,8.20000,0.104000,0.000000,734,65.14
Kepler-150 e,Transit,2014,0,30.82655700,3.120,9.91000,0.189000,0.000000,544,19.67
Kepler-150 f,Transit,2017,0,637.20930000,3.640,12.90000,1.240000,,,
Kepler-154 b,Transit,2014,0,33.04053200,2.260,5.73000,0.198000,0.000000,561,28.11
Kepler-154 c,Transit,2014,0,62.30327600,2.950,9.01000,0.303000,0.000000,454,12.07
Kepler-154 d,Transit,2016,0,20.54981883,3.840,14.10000,0.141500,0.000000,657,53.00
Kepler-154 e,Transit,2016,0,3.93276465,1.500,2.86000,0.047000,0.000000,1140,480.40
Kepler-154 f,Transit,2016,0,9.91935684,1.500,2.86000,0.087100,0.000000,838,139.88
Kepler-1542 b,Transit,2016,0,3.95116882,0.760,0.36300,0.047900,0.000000,1160,518.44
Kepler-1542 c,Transit,2016,0,2.89223021,0.650,0.20800,0.038900,0.000000,1287,786.08
Kepler-1542 d,Transit,2016,0,5.99273738,0.870,0.59000,0.063200,0.000000,1010,297.81
Kepler-1542 e,Transit,2016,0,5.10115756,0.760,0.36300,0.056700,0.000000,1065,370.00
Kepler-167 b,Transit,2014,0,4.39315390,1.718,3.60000,0.048250,0.000000,918,122.50
Kepler-167 c,Transit,2014,0,7.40610600,1.674,3.44000,0.068400,0.000000,771,61.18
Kepler-167 d,Transit,2016,0,21.80379000,1.238,2.06000,0.140400,0.000000,538,14.49
Kepler-167 e,Transit,2016,0,1071.23205000,10.160,321.00669,1.883000,0.290000,134,0.08
Kepler-169 b,Transit,2014,0,3.25061900,1.130,1.51000,0.040000,0.000000,962,195.22
Kepler-169 c,Transit,2014,0,6.19546900,1.210,1.92000,0.062000,0.000000,776,82.85
Kepler-169 d,Transit,2014,0,8.34812500,1.250,2.10000,0.075000,0.000000,702,55.53
Kepler-169 e,Transit,2014,0,13.76710200,2.200,5.48000,0.105000,0.000000,595,28.55
Kepler-169 f,Transit,2014,0,87.09019500,2.580,7.18000,0.359000,0.000000,321,2.44
Kepler-172 b,Transit,2014,0,2.94030900,2.350,6.12000,0.040000,0.000000,1256,639.48
Kepler-172 c,Transit,2014,0,6.38899600,2.860,8.55000,0.068000,0.000000,970,227.22
Kepler-172 d,Transit,2014,0,14.62711900,2.250,5.69000,0.118000,0.000000,736,75.29
Kepler-172 e,Transit,2014,0,35.11873600,2.760,8.05000,0.211000,0.000000,550,23.43
Kepler-176 b,Transit,2014,0,5.43307400,1.430,2.63000,0.058000,0.000000,841,123.80
Kepler-176 c,Transit,2014,0,12.75971200,2.600,23.00000,0.102000,0.000000,633,39.63
Kepler-176 d,Transit,2014,0,25.75197400,2.510,15.20000,0.163000,0.000000,501,15.54
Kepler-176 e,Transit,2016,0,51.16579000,1.450,2.70000,0.249400,0.000000,398,6.22
Kepler-186 b,Transit,2014,0,3.88679070,1.070,1.24000,0.034300,0.000000,571,37.37
Kepler-186 c,Transit,2014,0,7.26730200,1.250,2.10000,0.045100,0.000000,464,13.98
Kepler-186 d,Transit,2014,0,13.34299600,1.400,2.54000,0.078100,0.000000,379,7.20
Kepler-186 e,Transit,2014,0,22.40770400,1.270,2.15000,0.110000,0.000000,319,3.61
Kepler-186 f,Transit,2014,1,129.94410000,1.170,1.71000,0.432000,0.040000,177,0.30
Kepler-197 b,Transit,2014,0,5.59930800,1.020,1.04000,0.060000,0.020000,1142,431.26
Kepler-197 c,Transit,2014,0,10.34969500,1.230,5.30000,0.090000,0.080000,930,189.97
Kepler-197 d,Transit,2014,0,15.67756300,1.220,1.98000,0.119000,0.030000,810,109.09
Kepler-197 e,Transit,2014,0,25.20971500,0.910,0.69300,0.164000,0.380000,691,57.94
Kepler-20 b,Transit,2011,0,3.69611525,1.868,9.70000,0.046300,0.030000,1105,324.11
Kepler-20 c,Transit,2011,0,10.85409089,3.047,12.75000,0.094900,0.160000,772,77.02
Kepler-20 d,Transit,2011,0,77.61130017,2.744,10.07000,0.350600,0.000000,401,5.59
Kepler-20 e,Transit,2011,0,6.09852281,0.865,3.08000,0.063900,0.000000,1040,166.00
Kepler-20 f,Transit,2011,0,19.57758478,1.003,14.30000,0.139600,0.000000,705,35.07
Kepler-20 g,Radial Velocity,2016,0,34.94000000,4.710,19.96000,0.205500,0.150000,524,
Kepler-208 b,Transit,2014,0,4.22864000,1.630,3.29000,0.054000,0.000000,1379,639.58
Kepler-208 c,Transit,2014,0,7.46662300,1.390,2.51000,0.079000,0.000000,1141,300.17
Kepler-208 d,Transit,2014,0,11.13178600,1.200,1.87000,0.103000,0.000000,999,176.28
Kepler-208 e,Transit,2014,0,16.25945800,1.480,2.79000,0.132000,0.000000,880,106.34
Kepler-215 b,Transit,2014,0,9.36067200,1.620,3.26000,0.084000,0.000000,784,105.07
Kepler-215 c,Transit,2014,0,14.66710800,1.770,3.78000,0.113000,0.000000,675,57.69
Kepler-215 d,Transit,2014,0,30.86442300,2.390,23.60000,0.185000,0.000000,527,21.40
Kepler-215 e,Transit,2014,0,68.16101000,1.750,3.71000,0.314000,0.000000,405,7.44
Kepler-220 b,Transit,2014,0,4.15980700,0.810,0.45700,0.046000,0.000000,759,105.00
Kepler-220 c,Transit,2014,0,9.03419900,1.570,3.09000,0.076000,0.000000,586,37.32
Kepler-220 d,Transit,2014,0,28.12239700,0.980,0.90400,0.163000,0.000000,401,8.21
Kepler-220 e,Transit,2014,0,45.90273300,1.330,2.33000,0.226000,0.000000,341,4.27
Kepler-221 b,Transit,2014,0,2.79590600,1.710,3.57000,0.037000,0.000000,1090,308.88
Kepler-221 c,Transit,2014,0,5.69058600,2.930,15.10000,0.059000,0.000000,860,119.84
Kepler-221 d,Transit,2014,0,10.04156000,2.730,7.90000,0.087000,0.000000,712,56.29
Kepler-221 e,Transit,2014,0,18.36991700,2.630,7.41000,0.130000,0.000000,582,25.16
Kepler-223 b,Transit,2014,0,7.38449000,2.990,7.40000,0.075600,0.078000,1042,444.05
Kepler-223 c,Transit,2014,0,9.84564000,3.440,5.10000,0.091600,0.150000,947,302.47
Kepler-223 d,Transit,2014,0,14.78869000,5.240,8.00000,0.120100,0.037000,827,175.95
Kepler-223 e,Transit,2014,0,19.72567000,4.600,4.80000,0.145500,0.051000,751,119.88
Kepler-224 b,Transit,2014,0,3.13292400,1.390,2.51000,0.038000,0.000000,937,201.49
Kepler-224 c,Transit,2014,0,5.92500300,3.120,9.91000,0.058000,0.000000,758,86.33
Kepler-224 d,Transit,2014,0,11.34939300,2.300,5.90000,0.089000,0.000000,610,36.29
Kepler-224 e,Transit,2014,0,18.64357700,1.970,4.54000,0.124000,0.000000,517,18.73
Kepler-235 b,Transit,2014,0,3.34022200,2.230,5.60000,0.037000,0.000000,731,44.00
Kepler-235 c,Transit,2014,0,7.82490400,1.280,2.18000,0.065000,0.000000,555,14.20
Kepler-235 d,Transit,2014,0,20.06054800,2.050,4.86000,0.122000,0.000000,401,4.03
Kepler-235 e,Transit,2014,0,46.18366900,2.220,5.56000,0.213000,0.000000,306,1.33
Kepler-238 b,Transit,2014,0,2.09087600,1.730,3.64000,0.034000,0.000000,1642,2500.59
Kepler-238 c,Transit,2014,0,6.15555700,2.390,6.30000,0.069000,0.000000,1146,592.30
Kepler-238 d,Transit,2014,0,13.23354900,3.070,9.64000,0.115000,0.000000,888,213.48
Kepler-238 e,Transit,2013,0,23.65400000,5.600,169.70000,0.165800,0.000000,731,98.46
Kepler-238 f,Transit,2013,0,50.44700000,2.000,13.50000,0.274700,0.000000,568,35.87
Kepler-24 b,Transit,2011,0,8.14530000,2.400,508.50000,0.080000,0.000000,1050,252.25
Kepler-24 c,Transit,2011,0,12.33350000,2.800,508.50000,0.106000,0.000000,915,144.83
Kepler-24 d,Transit,2014,0,4.24438400,1.670,3.43000,0.051000,0.000000,1305,601.89
Kepler-24 e,Transit,2014,0,18.99835500,2.780,8.15000,0.138000,0.000000,792,81.51
Kepler-245 b,Transit,2014,0,7.49019000,2.570,7.13000,0.071000,0.000000,753,77.75
Kepler-245 c,Transit,2014,0,17.46081200,2.180,225.60000,0.124000,0.000000,568,25.15
Kepler-245 d,Transit,2014,0,36.27710800,3.030,21.60000,0.202000,0.000000,445,9.49
Kepler-245 e,Transit,2016,0,3.21982106,1.750,3.71000,0.040000,0.000000,998,240.15
Kepler-251 b,Transit,2014,0,4.79093600,1.330,2.33000,0.053000,0.000000,990,203.17
Kepler-251 c,Transit,2014,0,16.51404300,2.770,8.10000,0.122000,0.000000,655,38.95
Kepler-251 d,Transit,2014,0,30.13300100,2.770,8.10000,0.182000,0.000000,536,17.48
Kepler-251 e,Transit,2014,0,99.64016100,2.770,8.10000,0.404000,0.000000,360,3.55
Kepler-256 b,Transit,2014,0,1.62049300,1.590,3.15000,0.027000,0.000000,1681,1225.93
Kepler-256 c,Transit,2014,0,3.38802000,2.150,5.27000,0.045000,0.000000,1315,457.07
Kepler-256 d,Transit,2014,0,5.83917200,2.480,6.71000,0.064000,0.000000,1097,221.10
Kepler-256 e,Transit,2014,0,10.68157200,2.350,6.12000,0.096000,0.000000,897,98.90
Kepler-26 b,Transit,2011,0,12.28000000,2.780,5.12000,0.085510,0.000000,431,7.60
Kepler-26 c,Transit,2011,0,17.25590000,2.720,6.20000,0.107250,0.000000,385,4.82
Kepler-26 d,Transit,2014,0,3.54391900,1.070,1.24000,0.039000,0.000000,652,31.79
Kepler-26 e,Transit,2014,0,46.82791500,2.410,6.39000,0.220000,0.000000,276,1.75
Kepler-265 b,Transit,2014,0,6.84626200,1.860,4.12000,0.069000,0.000000,1022,220.33
Kepler-265 c,Transit,2014,0,17.02893700,2.630,7.41000,0.127000,0.000000,755,65.36
Kepler-265 d,Transit,2014,0,43.13061700,2.490,6.76000,0.236000,0.000000,554,18.94
Kepler-265 e,Transit,2014,0,67.83102400,2.590,7.22000,0.319000,0.000000,476,10.35
Kepler-282 b,Transit,2014,0,9.22052400,1.010,1.01000,0.082000,0.000000,817,195.94
Kepler-282 c,Transit,2014,0,13.63872300,1.200,1.87000,0.106000,0.000000,717,116.12
Kepler-282 d,Transit,2013,0,24.80600000,2.460,61.00000,0.154000,0.000000,588,52.35
Kepler-282 e,Transit,2013,0,44.34700000,3.100,56.20000,0.226900,0.000000,484,24.11
Kepler-286 b,Transit,2014,0,1.79630200,1.240,2.07000,0.027000,0.000000,1367,925.92
Kepler-286 c,Transit,2014,0,3.46809500,1.370,2.45000,0.042000,0.000000,1098,384.29
Kepler-286 d,Transit,2014,0,5.91432300,1.330,2.33000,0.061000,0.000000,919,188.48
Kepler-286 e,Transit,2014,0,29.22128900,1.770,3.78000,0.176000,0.000000,539,22.40
Kepler-292 b,Transit,2014,0,2.58082700,1.320,2.30000,0.035000,0.000000,1130,394.30
Kepler-292 c,Transit,2014,0,3.71533500,1.470,2.76000,0.045000,0.000000,1001,242.42
Kepler-292 d,Transit,2014,0,7.05567900,2.230,5.60000,0.068000,0.000000,808,103.00
Kepler-292 e,Transit,2014,0,11.97901000,2.670,7.61000,0.097000,0.000000,678,50.92
Kepler-292 f,Transit,2014,0,20.83423700,2.350,6.12000,0.141000,0.000000,563,24.32
Kepler-296 b,Transit,2014,0,10.86438400,1.610,3.22000,0.079000,0.330000,495,6.50
Kepler-296 c,Transit,2014,0,5.84163660,2.000,4.66000,0.052100,0.330000,606,14.80
Kepler-296 d,Transit,2014,0,19.85029100,2.090,5.02000,0.118000,0.330000,403,2.90
Kepler-296 e,Transit,2014,0,34.14211000,1.530,2.96000,0.169000,0.330000,337,1.41
Kepler-296 f,Transit,2014,0,63.33627000,1.800,3.89000,0.255000,0.330000,274,0.62
Kepler-299 b,Transit,2014,0,2.92712800,1.320,2.30000,0.040000,0.000000,1258,622.07
Kepler-299 c,Transit,2014,0,6.88587500,2.650,7.51000,0.070000,0.000000,946,198.55
Kepler-299 d,Transit,2014,0,15.05478600,1.860,4.12000,0.118000,0.000000,729,69.96
Kepler-299 e,Transit,2014,0,38.28548900,1.870,4.16000,0.220000,0.000000,534,20.17
Kepler-304 b,Transit,2014,0,3.29570900,2.860,8.55000,0.039000,0.000000,875,139.15
Kepler-304 c,Transit,2014,0,5.31594600,2.170,5.35000,0.054000,0.000000,746,73.60
Kepler-304 d,Transit,2014,0,9.65347100,2.750,8.00000,0.080000,0.000000,611,33.16
Kepler-304 e,Transit,2016,0,1.49914695,1.200,1.87000,0.023200,0.000000,1137,397.25
Kepler-305 b,Transit,2013,0,5.48700000,3.600,10.50000,0.057100,0.000000,836,112.91
Kepler-305 c,Transit,2013,0,8.29100000,3.300,6.00000,0.075200,0.000000,728,65.10
Kepler-305 d,Transit,2014,0,16.73866100,2.710,9.10000,0.121000,0.000000,576,25.52
Kepler-305 e,Transit,2020,0,3.20538000,1.794,3.87000,0.039900,0.000000,1000,236.11
Kepler-306 b,Transit,2014,0,4.64618600,1.520,2.92000,0.050000,0.000000,830,127.25
Kepler-306 c,Transit,2014,0,7.24019300,2.350,6.12000,0.067000,0.000000,716,70.45
Kepler-306 d,Transit,2014,0,17.32664400,2.470,6.66000,0.120000,0.000000,535,21.98
Kepler-306 e,Transit,2014,0,44.84097500,2.270,5.77000,0.227000,0.000000,390,6.18
Kepler-32 b,Transit,2011,0,5.90124000,2.200,1303.00000,0.050000,0.000000,514,22.02
Kepler-32 c,Transit,2011,0,8.75220000,2.000,158.90000,0.090000,0.000000,451,10.68
Kepler-32 d,Transit,2012,0,22.78020000,2.700,7.75000,0.130000,0.000000,328,3.63
Kepler-32 e,Transit,2012,0,2.89600000,1.500,2.86000,0.033000,0.000000,652,56.65
Kepler-32 f,Transit,2012,0,0.74296000,0.820,0.47700,0.013000,0.000000,1026,349.64
Kepler-324 b,Transit,2014,0,4.38531500,1.140,1.55000,0.050000,0.000000,935,194.34
Kepler-324 c,Transit,2014,0,51.80561200,3.150,10.10000,0.260000,0.000000,410,7.23
Kepler-324 e,Transit,2021,0,13.97939968,2.039,4.81000,0.107400,0.000000,635,38.44
Kepler-33 b,Transit,2011,0,5.66793000,1.740,3.68000,0.067700,0.000000,1336,744.01
Kepler-33 c,Transit,2011,0,13.17562000,3.200,0.39000,0.118900,0.000000,1009,241.76
Kepler-33 d,Transit,2011,0,21.77596000,5.350,3.91000,0.166200,0.000000,853,123.69
Kepler-33 e,Transit,2011,0,31.78440000,4.020,5.57000,0.213800,0.000000,752,74.72
Kepler-33 f,Transit,2011,0,41.02902000,4.460,9.60000,0.253500,0.000000,691,53.18
Kepler-338 b,Transit,2014,0,13.72697600,2.440,30.60000,0.117000,0.040000,1005,256.61
Kepler-338 c,Transit,2014,0,24.31085600,2.340,6.08000,0.172000,0.030000,831,119.65
Kepler-338 d,Transit,2014,0,44.43101400,3.000,9.27000,0.257000,0.030000,680,53.56
Kepler-338 e,Transit Timing Variations,2014,0,9.34100000,1.560,8.50000,0.089300,0.050000,1143,428.52
Kepler-341 b,Transit,2014,0,5.19552800,1.180,1.76000,0.060000,0.000000,1085,422.10
Kepler-341 c,Transit,2014,0,8.01041000,1.700,3.53000,0.080000,0.000000,940,237.43
Kepler-341 d,Transit,2014,0,27.66631300,1.850,4.08000,0.182000,0.000000,622,45.42
Kepler-341 e,Transit,2014,0,42.47326900,1.990,4.62000,0.242000,0.000000,539,25.67
Kepler-342 b,Transit,2014,0,15.17031800,2.250,5.69000,0.128000,0.000000,905,160.26
Kepler-342 c,Transit,2014,0,26.23413800,1.960,4.50000,0.185000,0.000000,754,77.29
Kepler-342 d,Transit,2014,0,39.45935700,2.490,6.76000,0.242000,0.000000,658,44.83
Kepler-342 e,Transit,2016,0,1.64422461,0.880,0.61500,0.029300,0.000000,1897,3111.32
Kepler-37 b,Transit,2013,0,13.36731000,0.296,3.17830,0.100300,0.000000,656,43.31
Kepler-37 c,Transit,2013,0,21.30200000,0.750,12.00000,0.136800,0.090000,564,22.79
Kepler-37 d,Transit,2013,0,39.79220000,1.940,12.20000,0.207600,0.150000,458,9.90
Kepler-37 e,Transit Timing Variations,2014,0,51.19600000,0.370,0.02750,0.246000,0.000000,401,
Kepler-402 b,Transit,2014,0,4.02875100,1.220,1.98000,0.051000,0.000000,1311,619.84
Kepler-402 c,Transit,2014,0,6.12482100,1.560,3.05000,0.068000,0.000000,1140,353.97
Kepler-402 d,Transit,2014,0,8.92109900,1.380,2.48000,0.087000,0.000000,1006,214.28
Kepler-402 e,Transit,2014,0,11.24286100,1.460,2.73000,0.102000,0.000000,931,157.48
Kepler-411 b,Transit,2013,0,3.00515600,2.401,25.60000,0.037500,0.146000,1138,191.27
Kepler-411 c,Transit,2016,0,7.83443500,4.421,26.40000,0.073900,0.108000,838,53.33
Kepler-411 d,Transit,2018,0,58.02035000,3.319,15.20000,0.279000,0.128000,410,3.70
Kepler-411 e,Transit Timing Variations,2018,0,31.50972800,3.280,10.80000,0.186000,0.016000,503,
Kepler-444 b,Transit,2015,0,3.60010530,0.403,0.03740,0.041780,0.160000,938,225.74
Kepler-444 c,Transit,2015,0,4.54588410,0.497,0.07930,0.048810,0.310000,868,165.73
Kepler-444 d,Transit,2015,0,6.18939200,0.530,0.20000,0.060000,0.180000,783,109.64
Kepler-444 e,Transit,2015,0,7.74349300,0.546,0.10000,0.069600,0.100000,727,81.34
Kepler-444 f,Transit,2015,0,9.74048600,0.741,0.33200,0.081100,0.290000,673,59.91
Kepler-48 b,Transit,2012,0,4.77800000,1.880,3.94000,0.052800,0.000000,932,173.12
Kepler-48 c,Transit,2012,0,9.67395000,2.710,14.61000,0.084500,0.000000,736,67.59
Kepler-48 d,Transit,2014,0,42.89610000,2.040,7.93000,0.227900,0.000000,448,9.29
Kepler-48 e,Radial Velocity,2014,0,982.00000000,13.400,657.00000,,,,
Kepler-49 b,Transit,2012,0,7.20379450,2.720,8.00000,0.059290,0.000000,509,21.48
Kepler-49 c,Transit,2012,0,10.91293430,2.550,5.90000,0.078210,0.000000,443,12.34
Kepler-49 d,Transit,2014,0,2.57654900,1.600,3.19000,0.031000,0.000000,717,64.39
Kepler-49 e,Transit,2014,0,18.59610800,1.560,3.05000,0.116000,0.000000,371,6.06
Kepler-55 b,Transit,2012,0,27.94814490,2.430,43.00000,0.159300,0.000000,400,6.64
Kepler-55 c,Transit,2012,0,42.15164180,2.210,69.80000,0.209500,0.000000,349,3.84
Kepler-55 d,Transit,2014,0,2.21109900,1.590,3.15000,0.029000,0.000000,931,195.00
Kepler-55 e,Transit,2014,0,4.61753400,1.550,3.02000,0.048000,0.000000,728,73.16
Kepler-55 f,Transit,2014,0,10.19854500,1.590,3.15000,0.081000,0.000000,559,25.44
Kepler-62 b,Transit,2013,0,5.71493200,1.310,9.00000,0.055300,0.000000,750,80.33
Kepler-62 c,Transit,2013,0,12.44170000,0.540,4.00000,0.092900,0.000000,578,28.49
Kepler-62 d,Transit,2013,0,18.16406000,1.950,14.00000,0.120000,0.000000,510,17.21
Kepler-62 e,Transit,2013,0,122.38740000,1.610,36.00000,0.427000,0.000000,270,1.35
Kepler-62 f,Transit,2013,0,267.29100000,1.410,35.00000,0.718000,0.000000,208,0.48
Kepler-65 b,Transit,2012,0,2.15491000,1.420,2.40000,0.035000,0.028000,1740,2316.09
Kepler-65 c,Transit,2012,0,5.85994400,2.580,5.40000,0.068000,0.020000,1246,609.99
Kepler-65 d,Transit,2012,0,8.13123000,1.520,4.14000,0.084000,0.014000,1117,394.55
Kepler-65 e,Radial Velocity,2019,0,258.80000000,13.900,260.00000,,0.283000,,
Kepler-758 b,Transit,2016,0,12.10971040,2.480,6.71000,0.101900,0.000000,1005,349.19
Kepler-758 c,Transit,2016,0,4.75793986,1.690,3.50000,0.054700,0.000000,1372,1211.82
Kepler-758 d,Transit,2016,0,20.49661970,2.120,5.14000,0.144700,0.000000,843,173.17
Kepler-758 e,Transit,2016,0,8.19347190,1.530,2.96000,0.078500,0.000000,1144,588.40
Kepler-79 b,Transit,2012,0,13.48450000,3.470,10.90000,0.117000,0.015000,929,205.40
Kepler-79 c,Transit,2012,0,27.40290000,3.720,5.90000,0.187000,0.030000,734,79.77
Kepler-79 d,Transit,2014,0,52.09020000,7.160,6.00000,0.287000,0.025000,592,33.87
Kepler-79 e,Transit,2014,0,81.06590000,3.490,4.10000,0.386000,0.012000,511,18.78
Kepler-80 b,Transit,2012,0,7.05246000,2.670,6.93000,0.064800,0.000000,547,54.38
Kepler-80 c,Transit,2012,0,9.52355000,2.740,6.74000,0.079200,0.000000,495,36.48
Kepler-80 d,Transit,2014,0,3.07222000,1.530,6.75000,0.037200,0.000000,722,164.62
Kepler-80 e,Transit,2014,0,4.64489000,1.600,4.13000,0.049100,0.000000,629,94.78
Kepler-80 f,Transit,2016,0,0.98678730,1.210,1.92000,0.017500,0.000000,1054,750.96
Kepler-80 g,Transit,2017,0,14.64558000,1.130,1.51000,,,418,
Kepler-82 b,Transit,2012,0,26.44000000,4.070,12.15000,0.168300,0.003300,562,19.56
Kepler-82 c,Transit,2012,0,51.54000000,5.340,13.90000,0.262600,0.007000,450,8.04
Kepler-82 d,Transit,2014,0,2.38296100,1.770,3.78000,0.034000,0.000000,1253,484.35
Kepler-82 e,Transit,2014,0,5.90220600,2.470,6.66000,0.063000,0.000000,926,144.34
Kepler-82 f,Transit Timing Variations,2019,0,75.73200000,4.840,20.90000,0.339500,0.001400,,
Kepler-84 b,Transit,2012,0,8.72600000,2.230,40.00000,0.082700,0.000000,985,222.19
Kepler-84 c,Transit,2012,0,12.88300000,2.360,20.20000,0.107200,0.000000,865,132.23
Kepler-84 d,Transit,2014,0,4.22453700,1.380,2.48000,0.052000,0.000000,1254,584.24
Kepler-84 e,Transit,2014,0,27.43438900,2.600,7.27000,0.181000,0.000000,672,48.29
Kepler-84 f,Transit,2014,0,44.55216900,2.200,5.48000,0.250000,0.000000,572,25.30
Kepler-85 b,Transit,2012,0,8.30600000,1.970,4.54000,0.076600,0.000000,809,107.03
Kepler-85 c,Transit,2012,0,12.51300000,2.180,20.90000,0.100700,0.000000,706,61.93
Kepler-85 d,Transit,2014,0,17.91323000,1.200,1.87000,0.130000,0.000000,626,38.39
Kepler-85 e,Transit,2014,0,25.21675100,1.270,0.60000,0.163000,0.000000,559,24.32
L 98-59 b,Transit,2019,0,2.25311360,0.850,0.40000,0.021910,0.103000,627,24.70
L 98-59 c,Transit,2019,0,3.69067770,1.385,2.22000,0.030400,0.103000,553,12.80
L 98-59 d,Transit,2019,0,7.45072450,1.521,1.94000,0.048600,0.074000,416,5.01
L 98-59 e,Radial Velocity,2021,0,12.79600000,1.560,3.06000,0.071700,0.128000,342,
TOI-1246 b,Transit,2022,0,4.30744000,3.010,8.10000,0.049000,,955,196.00
TOI-1246 c,Transit,2022,0,5.90414400,2.510,8.80000,0.061000,,860,129.00
TOI-1246 d,Transit,2022,0,18.65590000,3.510,5.30000,0.131000,,586,28.00
TOI-1246 e,Transit,2022,0,37.92160000,3.780,14.80000,0.211000,,462,11.00
TOI-178 b,Transit,2021,0,1.91455800,1.152,1.50000,0.026070,,1040,
TOI-178 c,Transit,2021,0,3.23845000,1.669,4.77000,0.037000,,873,97.62
TOI-178 d,Transit,2021,0,6.55770000,2.572,3.01000,0.059200,,690,38.10
TOI-178 e,Transit,2021,0,9.96188100,2.207,3.86000,0.078300,,600,21.82
TOI-178 f,Transit,2021,0,15.23191500,2.287,7.72000,0.103900,,521,
TOI-178 g,Transit,2021,0,20.70950000,2.870,3.94000,0.127500,,470,19.50
TOI-500 b,Transit,2022,0,0.54817700,1.166,1.42000,0.011890,0.063000,1617,1138.00
TOI-500 c,Radial Velocity,2022,0,6.63560000,2.090,5.03000,,0.072000,,
TOI-500 d,Radial Velocity,2022,0,26.23300000,6.350,33.12000,,0.016000,,
TOI-500 e,Radial Velocity,2022,0,61.30000000,3.990,15.05000,,0.073000,,
TOI-561 b,Transit,2020,0,0.44657800,1.423,1.59000,0.010550,0.000000,2480,4383.42
TOI-561 c,Transit,2020,0,10.77900000,2.878,5.40000,0.088090,0.060000,860,73.35
TOI-561 d,Transit,2020,1,25.62000000,2.530,11.95000,0.156900,0.051000,,
TOI-561 e,Transit,2020,1,77.23000000,2.670,16.00000,0.327400,0.061000,,
TOI-561 f,Transit,2020,1,16.28700000,2.320,3.00000,0.117400,0.000000,750,36.03
TRAPPIST-1 b,Transit,2016,0,1.51082600,1.116,1.37400,0.011540,0.006220,400,4.15
TRAPPIST-1 c,Transit,2016,0,2.42193700,1.097,1.30800,0.015800,0.006540,342,2.21
TRAPPIST-1 d,Transit,2016,0,4.04921900,0.788,0.38800,0.022270,0.008370,288,1.11
TRAPPIST-1 e,Transit,2017,0,6.10101300,0.920,0.69200,0.029250,0.005100,251,0.65
TRAPPIST-1 f,Transit,2017,0,9.20754000,1.045,1.03900,0.038490,0.010070,219,0.37
TRAPPIST-1 g,Transit,2017,0,12.35244600,1.129,1.32100,0.046830,0.002080,199,0.25
TRAPPIST-1 h,Transit,2017,0,18.77286600,0.755,0.32600,0.061890,0.005670,173,0.14
V1298 Tau b,Transit,2019,0,24.13960000,10.270,74.90000,0.168800,0.290000,677,35.00
V1298 Tau c,Transit,2019,0,8.24958000,5.590,26.70000,0.082500,0.430000,968,146.00
V1298 Tau d,Transit,2019,0,12.40320000,6.410,33.60000,0.108300,0.210000,845,85.00
V1298 Tau e,Transit,2019,0,60.00000000,8.740,57.00000,0.308000,0.570000,492,10.00
WASP-47 b,Transit,2012,0,4.15914920,12.640,363.60000,0.052000,0.002800,1275,534.00
WASP-47 c,Radial Velocity,2015,0,588.80000000,13.500,500.00000,1.393000,0.295000,247,
WASP-47 d,Transit,2015,0,9.03055000,3.567,14.20000,0.085000,0.010000,,190.00
WASP-47 e,Transit,2015,0,0.78959330,1.808,6.77000,0.016730,0.030000,,4895.00
tau Cet e,Radial Velocity,2017,0,162.87000000,1.810,3.93000,0.538000,0.180000,,
tau Cet f,Radial Velocity,2017,0,636.13000000,1.810,3.93000,1.334000,0.160000,,
tau Cet g,Radial Velocity,2017,0,20.00000000,1.180,1.75000,0.133000,0.060000,,
tau Cet h,Radial Velocity,2017,0,49.41000000,1.190,1.83000,0.243000,0.230000,,
